<?xml version="1.0" encoding="UTF-8"?>
<EmailTemplate xmlns="http://soap.sforce.com/2006/04/metadata">
    <available>true</available>
    <description>gFRS Copay Final Approval Notification</description>
    <encodingKey>ISO-8859-1</encodingKey>
    <name>gFRS Copay Final Approval Notification</name>
    <style>none</style>
    <subject>Genentech Request ID #{!gFRS_Copay_Funding_Request__c.Name} NOTICE: Request Approved: Submit for Payment [DO NOT REPLY]</subject>
    <type>text</type>
</EmailTemplate>
