<?xml version="1.0" encoding="UTF-8"?>
<EmailTemplate xmlns="http://soap.sforce.com/2006/04/metadata">
    <available>true</available>
    <description>Approval Pending Email</description>
    <encodingKey>ISO-8859-1</encodingKey>
    <letterhead>gFRS_Letterhead</letterhead>
    <name>gFRS CoPay Request Awaiting Review Decision</name>
    <style>formalLetter</style>
    <subject>gFRS Request #{!gFRS_Copay_Funding_Request__c.Name}: ACTION:  Request Awaiting Review/Decision [DO NOT REPLY]</subject>
    <textOnly>Request ID:  {!gFRS_Copay_Funding_Request__c.Name}
Program Title:  {!gFRS_Copay_Funding_Request__c.Event_Program_Title__c}
Funding Type: {!gFRS_Copay_Funding_Request__c.Funding_Type__c}
Start Date: {!gFRS_Copay_Funding_Request__c.Program_Start_Date_Min__c}
Requested Amount: {!gFRS_Copay_Funding_Request__c.Requested_Amount__c}

Please be advised that this funding request is waiting your review and decision.
To review this request, please access gFRS via this link:

https://genentech.my.salesforce.com/{!gFRS_Copay_Funding_Request__c.Id}.
You will see this request in your queue.  Please click on the Request ID number to access the funding request information.

NOTE: There may be a delay of up to 60 minutes for the funding request to appear in your queue for review and decision.  If you have received this email and do not see the request in your queue, please check back in 1 hour.</textOnly>
    <type>html</type>
</EmailTemplate>
